id_entidad,sector,sprint,fecha_inicio,fecha_fin,ciudad,pais,tipo_conversion,inversion_pauta,impresiones,alcance,clics,conversiones,ticket_promedio,costo_variable_pct,leads,leads_calificados
T001,tech,S01,2026-07-01,2026-07-07,Miami,USA,demo agendada,9130.30,140657,96777,991,4,"4372,08",0.20,83,26
,,,,,,,,,,,,,,,,
T002,tech,S01,2026-07-01,2026-07-07,Nueva York,USA,demo agendada,8368.03,73749,47445,486,1,2447.27,0.23,30,11
T003,tech,S01,2026-07-01,2026-07-07,Bogotá,Colombia,solicitud de cotización,5820.19,81130,45744,769,2,3459.03,0.18,65,20
T004,tech,S01,2026-07-01,2026-07-07,Houston,USA,demo agendada,7700.70,110270,78190,778,2,3849.06,0.23,53,15
T005,tech,S01,2026-07-01,2026-07-07,Miami,USA,solicitud de cotización,4622.92,44055,28442,341,1,4693.10,0.21,26,8
T006,tech,S01,2026-07-01,2026-07-07,Orlando,USA,registro a prueba gratuita,3911.83,35204,20543,243,1,2919.60,0.34,13,5
T007,tech,S01,2026-07-01,2026-07-07,Bogotá,Colombia,registro a prueba gratuita,3668.75,32531,23908,330,1,4078.91,0.23,27,9
T008,tech,S01,2026-07-01,2026-07-07,Nueva York,USA,solicitud de cotización,7435.30,102822,59608,777,1,935.81,0.31,42,14
T009,tech,S01,2026-07-01,2026-07-07,Houston,USA,demo agendada,7072.66,117022,82233,117051,8,4027.67,0.19,97,37
T010,tech,S01,2026-07-01,2026-07-07,Miami,USA,demo agendada,9952.21,91562,62322,579,2,1439.52,0.30,38,13
T001,tech,S02,2026-07-08,2026-07-14,Miami,USA,demo agendada,8494.20,130762,96206,971,7,3871.68,0.20,100,34
T002,tech,S02,2026-07-08,2026-07-14,Nueva York,USA,demo agendada,7843.44,73656,46505,427,1,2399.35,0.23,33,12
T003,tech,S02,2026-07-08,2026-07-14,Bogotá,Colombia,solicitud de cotización,5615.55,74627,41427,758,1,3441.47,0.18,59,16
T004,tech,S02,2026-07-08,2026-07-14,Houston,USA,demo agendada,7882.60,109124,79772,875,2,4256.78,0.23,57,15
T005,tech,S02,2026-07-08,2026-07-14,Miami,USA,solicitud de cotización,4249.27,42742,27389,308,1,4865.86,0.21,25,8
T006,tech,S02,2026-07-08,2026-07-14,Orlando,USA,registro a prueba gratuita,4395.26,38789,21901,302,1,3204.28,0.34,18,7
T007,tech,S02,2026-07-08,2026-07-14,Bogotá,Colombia,registro a prueba gratuita,3882.87,34196,25863,352,1,4088.31,0.23,32,11
T008,tech,S02,2026-07-08,2026-07-14,Nueva York,USA,solicitud de cotización,7522.30,107028,59358,856,2,938.34,0.31,54,18
T009,tech,S02,2026-07-08,2026-07-14,Houston,USA,demo agendada,7252.13,119326,87351,1203,5,4165.58,0.19,80,32
T010,tech,S02,2026-07-08,2026-07-14,Miami,USA,demo agendada,10921.82,97630,73145,658,2,1478.48,0.30,48,15
T001,tech,S03,2026-07-15,2026-07-21,Miami,USA,demo agendada,8686.70,134652,98357,896,5,3743.72,0.20,78,26
T002,tech,S03,2026-07-15,2026-07-21,Nueva York,USA,demo agendada,7889.27,72584,49139,465,1,2247.08,0.23,35,12
T003,tech,S03,2026-07-15,2026-07-21,Bogotá,Colombia,solicitud de cotización,5425.10,73200,43140,685,1,3235.34,0.18,49,15
T004,tech,S03,2026-07-15,2026-07-21,Houston,USA,demo agendada,7957.44,115211,81003,840,2,4138.34,0.23,63,17
T005,tech,S03,2026-07-15,2026-07-21,Miami,USA,solicitud de cotización,4406.22,44231,27996,345,1,5301.24,0.21,31,9
T006,tech,S03,2026-07-15,2026-07-21,Orlando,USA,registro a prueba gratuita,4299.98,38436,22573,287,1,3381.37,0.34,18,8
T007,tech,S03,2026-07-15,2026-07-21,Bogotá,Colombia,registro a prueba gratuita,3618.32,32658,23663,341,1,4635.41,0.23,31,12
T008,tech,S03,2026-07-15,2026-07-21,Nueva York,USA,solicitud de cotización,7111.85,97283,58158,725,1,1078.30,0.31,45,14
T009,tech,S03,2026-07-15,2026-07-21,Houston,USA,demo agendada,7797.13,129934,92795,1233,8,3631.15,0.19,93,37
T010,tech,S03,2026-07-15,2026-07-21,Miami,USA,demo agendada,10659.51,95294,71326,661,2,1653.47,0.30,48,15
T001,tech,S04,2026-07-22,2026-07-28, Miami,USA,demo agendada,9491.06,149747,111688,1020,5,4141.74,0.20,94,33
T002,tech,S04,2026-07-22,2026-07-28,Nueva York,USA,demo agendada,8545.45,79943,52054,468,0,2325.65,0.23,31,10
T003,tech,S04,2026-07-22,2026-07-28,BOGOTÁ,Colombia,solicitud de cotización,5193.72,66559,40428,598,1,3683.46,0.18,48,14
T004,tech,S04,2026-07-22,2026-07-28,Houston,USA,demo agendada,7006.99,102949,69780,788,3,3934.22,0.23,57,17
T005,tech,S04,2026-07-22,2026-07-28,Miami,USA,solicitud de cotización,4497.40,43164,28310,351,1,4740.44,0.21,29,10
T006,tech,S04,2026-07-22,2026-07-28,Orlando,USA,registro a prueba gratuita,4052.17,35243,20065,264,1,3040.24,0.34,15,6
T007,tech,S04,2026-07-22,2026-07-28,Bogotá,Colombia,registro a prueba gratuita,3702.23,32419,23699,346,2,4760.72,0.23,34,14
T008,tech,S04,2026-07-22,2026-07-28,Nueva York,USA,solicitud de cotización,6859.83,99629,54275,709,2,1044.31,0.31,46,16
T009,tech,S04,2026-07-22,2026-07-28,Houston,USA,demo agendada,7999.20,123567,90073,1259,7,3841.42,0.19,83,32
T010,tech,S04,2026-07-22,2026-07-28,Miami,USA,demo agendada,10377.63,91441,64557,567,2,1448.31,0.30,37,11
T001,tech,S05,2026-07-29,2026-08-04,Miami,USA,demo agendada,9876.38,137005,99352,1062,6,3754.85,0.20,119,45
T002,tech,S05,2026-07-29,2026-08-04,Nueva York,USA,demo agendada,8783.52,75334,51005,486,1,2280.09,0.23,37,14
T003,tech,S05,2026-07-29,2026-08-04,Bogotá,Colombia,solicitud de cotización,5578.23,69932,41680,684,1,3359.04,0.18,53,15
T004,tech,S05,2026-07-29,2026-08-04,Houston,USA,demo agendada,8900.19,118794,83811,974,3,4232.01,0.23,75,21
T005,tech,S05,2026-07-29,2026-08-04,Miami,USA,solicitud de cotización,5181.06,46667,31780,419,1,5072.10,0.21,43,14
T006,tech,S05,2026-07-29,2026-08-04,Orlando,USA,registro a prueba gratuita,4446.27,39214,23032,319,1,3130.54,0.34,21,9
T007,tech,S05,2026-07-29,2026-08-04,Bogotá,Colombia,registro a prueba gratuita,3888.87,36050,24858,383,1,4602.44,0.23,33,12
T008,tech,S05,2026-07-29,2026-08-04,Nueva York,USA,solicitud de cotización,8005.28,102458,58905,857,2,934.14,0.31,55,19
T008,tech,S05,2026-07-29,2026-08-04,Nueva York,USA,solicitud de cotización,8005.28,102458,58905,857,2,934.14,0.31,55,19
T009,tech,S05,2026-07-29,2026-08-04,Houston,USA,demo agendada,8552.36,126466,92431,1337,10,4322.76,0.19,119,50
T010,tech,S05,2026-07-29,2026-08-04,Miami,USA,demo agendada,12012.11,98013,69269,684,4,1555.64,0.30,64,21
T001,tech,S06,2026-08-05,2026-08-11,Miami,USA,demo agendada,11810.92,166277,115855,1317,13,4502.05,0.20,172,66
T002,tech,S06,2026-08-05,2026-08-11,Nueva York,USA,demo agendada,9675.51,77494,47663,563,2,2489.37,0.23,47,18
T003,tech,S06,2026-08-05,2026-08-11,Bogotá,Colombia,solicitud de cotización,5747.03,70576,41554,678,1,3430.15,0.18,53,15
T004,tech,S06,2026-08-05,2026-08-11,Houston,USA,demo agendada,9629.63,123171,92307,1161,5,4062.73,0.23,109,32
T005,tech,S06,2026-08-05,2026-08-11,Miami,USA,solicitud de cotización,6041.39,52628,33202,470,3,5264.06,0.21,56,20
T006,tech,S06,2026-08-05,2026-08-11,Orlando,USA,registro a prueba gratuita,5376.15,43330,26215,404,2,3253.75,0.34,29,13
T007,tech,S06,2026-08-05,2026-08-11,Bogotá,Colombia,registro a prueba gratuita,3974.81,34929,23984,420,2,3999.68,0.23,41,15
T008,tech,S06,2026-08-05,2026-08-11,Nueva York,USA,solicitud de cotización,8579.07,102805,57565,901,3,947.32,0.31,70,24
T009,tech,S06,2026-08-05,2026-08-11,Houston,USA,demo agendada,9060.43,133443,103473,1734,15,3687.99,0.19,170,72
T010,tech,S06,2026-08-05,2026-08-11,Miami,USA,demo agendada,12841.67,105497,71666,866,4,1456.75,0.30,78,24
T001,tech,S07,2026-08-12,2026-08-18,Miami,USA,demo agendada,10948.72,149344,112594,1293,11,4247.60,0.20,148,53
T002,tech,S07,2026-08-12,2026-08-18,Nueva York,USA,demo agendada,9335.10,74076,44950,546,2,2393.32,0.23,48,16
T003,tech,S07,2026-08-12,2026-08-18,Bogotá,Colombia,solicitud de cotización,6553.56,82677,47343,849,2,3594.96,0.18,71,20
T004,tech,S07,2026-08-12,2026-08-18,Houston,USA,demo agendada,9061.38,106918,74669,944,3,4064.16,0.23,80,22
T005,tech,S07,2026-08-12,2026-08-18,Miami,USA,solicitud de cotización,5793.23,47273,29905,429,2,4834.35,0.21,47,16
T006,tech,S07,2026-08-12,2026-08-18,Orlando,USA,registro a prueba gratuita,5398.04,44496,25114,392,3,2916.78,0.34,31,13
T007,tech,S07,2026-08-12,2026-08-18,Bogotá,Colombia,registro a prueba gratuita,43317.00,38850,28160,461,3,4287.42,0.23,49,17
T008,tech,S07,2026-08-12,2026-08-18,Nueva York,USA,solicitud de cotización,8517.65,106353,56615,917,2,1071.12,0.31,73,24
T009,tech,S07,2026-08-12,2026-08-18,Houston,USA,demo agendada,9331.44,138066,101005,1641,10,4379.84,0.19,145,53
T010,tech,S07,2026-08-12,2026-08-18,Miami,USA,demo agendada,11962.51,91938,65579,684,3,1495.00,0.30,62,19
T001,tech,S08,2026-08-19,2026-08-25,Miami,USA,demo agendada,11135.32,153609,116342,1285,9,4126.90,0.20,144,50
T002,tech,S08,2026-08-19,2026-08-25,Nueva York,USA,demo agendada,9438.75,78541,50101,614,1,2622.24,0.23,50,17
T003,tech,S08,2026-08-19,2026-08-25,Bogotá,Colombia,solicitud de cotización,6058.21,78435,46618,797,1,3511.54,0.18,65,18
T004,tech,S08,2026-08-19,2026-08-25,Houston,USA,demo agendada,8871.67,106199,72443,1034,5,4602.86,0.23,96,28
T005,tech,S08,2026-08-19,2026-08-25,Miami,USA,solicitud de cotización,5843.32,51813,35437,498,2,4834.70,0.21,50,15
T006,tech,S08,2026-08-19,2026-08-25,Orlando,USA,registro a prueba gratuita,5322.34,41986,22747,361,1,2950.39,0.34,25,10
T007,tech,S08,2026-08-19,2026-08-25,Bogotá,Colombia,registro a prueba gratuita,4216.38,37895,28061,451,3,4879.67,0.23,43,17
T008,tech  ,S08,2026-08-19,2026-08-25,Nueva York,USA,solicitud de cotización,8392.68,103942,57617,939,4,1057.66,0.31,74,29
T009,tech,S08,2026-08-19,2026-08-25,Houston,USA,demo agendada,9421.80,127851,89590,1639,14,4023.39,0.19,168,74
T010,tech,S08,2026-08-19,2026-08-25,Miami,USA,demo agendada,13014.33,99493,75312,829,5,1597.99,0.30,71,24
T001,tech,S09,2026-08-26,2026-09-01,Miami,USA,demo agendada,11246.99,162418,116671,1401,10,4245.48,0.20,150,48
T002,tech,S09,2026-08-26,2026-09-01,Nueva York,USA,demo agendada,10152.86,82589,51323,644,2,2670.98,0.23,61,24
t003,tech,S09,2026-08-26,2026-09-01,Bogotá,Colombia,solicitud de cotización,6533.89,84650,49188,877,2,3307.43,0.18,73,22
T004,tech,S09,2026-08-26,2026-09-01,Houston,USA,demo agendada,9930.97,128199,91912,1105,4,4647.94,0.23,101,30
T005,tech,S09,2026-08-26,2026-09-01,Miami,USA,solicitud de cotización,5840.64,48288,31074,447,2,4738.41,0.21,51,16
T006,tech,S09,2026-08-26,2026-09-01,Orlando,USA,registro a prueba gratuita,5113.25,40977,23443,341,2,2954.39,0.34,30,12
T007,tech,S09,2026-08-26,2026-09-01,Bogotá,Colombia,registro a prueba gratuita,3969.55,35944,26402,397,2,4864.62,0.23,42,16
T008,tech,S09,2026-08-26,2026-09-01,Nueva York,USA,solicitud de cotización,8625.63,102964,57032,958,3,1084.33,0.31,82,27
T009,tech,S09,2026-08-26,2026-09-01,Houston,USA,demo agendada,9226.23,127359,92140,1570,9,4364.57,0.19,151,57
T010,tech,S09,2026-08-26,2026-09-01,Miami,USA,demo agendada,13426.75,112928,80049,926,6,1607.62,0.30,96,28
T001,tech,S10,2026-09-02,2026-09-08,Miami,USA,demo agendada,10331.20,141089,96448,1217,10,3920.61,0.20,140,54
T002,tech,S10,2026-09-02,2026-09-08,Nueva York,USA,demo agendada,9442.18,75345,45793,570,1,2689.89,0.23,43,16
T003,tech,S10,2026-09-02,2026-09-08,Bogotá,Colombia,solicitud de cotización,6345.16,73494,44117,799,2,3675.97,0.18,68,21
T004,tech,S10,2026-09-02,2026-09-08,Houston,USA,demo agendada,8776.15,107056,80104,,2,4326.95,0.23,73,19
T005,tech,S10,2026-09-02,2026-09-08,Miami,USA,solicitud de cotización,5350.19,46373,29819,428,2,4514.70,0.21,47,17
T006,tech,S10,2026-09-02,2026-09-08,Orlando,USA,registro a prueba gratuita,4563.77,37351,22247,324,2,2917.97,0.34,23,9
T007,tech,S10,2026-09-02,2026-09-08,Bogotá,Colombia,registro a prueba gratuita,4223.43,35935,27023,468,2,4378.90,0.23,46,16
T008,tech,S10,2026-09-02,2026-09-08,Nueva York,USA,solicitud de cotización,8024.38,99907,58172,816,3,900.76,0.31,65,24
T009,tech,S10,2026-09-02,2026-09-08,Houston,USA,demo agendada,8919.10,126244,97150,1418,9,3922.12,0.19,109,43
T010,tech,S10,2026-09-02,2026-09-08,Miami,USA,demo agendada,12930.53,111449,76125,892,5,1411.26,0.30,73,22
T001,tech,S11,2026-09-09,2026-09-15,Miami,USA,demo agendada,11494.38,159058,115596,1180,7,3990.30,0.20,139,45
T002,tech,S11,2026-09-09,2026-09-15,Nueva York,USA,demo agendada,9687.92,80280,49469,564,1,2689.33,0.23,42,14
T003,tech,S11,2026-09-09,2026-09-15,Bogotá,Colombia,solicitud de cotización,6377.44,80536,49122,835,2,3205.51,0.18,76,21
T004,tech,S11,2026-09-09,2026-09-15,Houston,USA,demo agendada,8587.47,104597,71401,876,2,4596.12,0.23,77,23
T005,tech,S11,2026-09-09,2026-09-15,Miami,USA,solicitud de cotización,5191.36,46891,29827,391,2,4894.72,0.21,44,14
T006,tech,S11,2026-09-09,2026-09-15,Orlando,USA,registro a prueba gratuita,5267.12,42672,23162,383,3,2880.22,0.34,31,14
T007,tech,S11,2026-09-09,2026-09-15,Bogotá,Colombia,registro a prueba gratuita,4580.21,36676,27524,456,3,4673.11,0.23,53,19
T008,tech,S11,2026-09-09,2026-09-15,Nueva York,USA,solicitud de cotización,8566.29,107727,62143,966,3,995.46,0.31,68,22
T009,tech,S11,2026-09-09,2026-09-15,Houston,USA,demo agendada,9344.86,131482,93975,1499,8,3953.06,0.19,115,43
T010,tech,S11,2026-09-09,2026-09-15,Miami,USA,demo agendada,12270.75,96821,71256,700,3,1715.02,0.30,55,17
T001,tech,S12,2026-09-16,2026-09-22,Miami,USA,demo agendada,11652.97,161342,117880,1195,7,4448.02,0.20,125,46
T002,tech,S12,2026-09-16,2026-09-22,Nueva York,USA,demo agendada,9723.11,78441,48523,549,1,2565.82,0.23,43,15
T003,tech,S12,2026-09-16,2026-09-22,Bogotá,Colombia,solicitud de cotización,6357.91,73477,42546,870,2,3495.16,0.18,76,21
T004,tech,S12,2026-09-16,2026-09-22,Houston,USA,demo agendada,8956.18,113304,78140,1032,3,4203.44,0.23,78,21
T005,tech,S12,2026-09-16,2026-09-22,Miami,USA,solicitud de cotización,5163.55,46494,31320,393,1,4495.31,0.21,42,14
T006,tech,S12,2026-09-16,2026-09-22,Orlando,USA,registro a prueba gratuita,5273.34,42014,23151,365,2,2910.13,0.34,25,11
T007,tech,S12,2026-09-16,2026-09-22,Bogotá,Colombia,registro a prueba gratuita,4618.59,36347,26445,456,3,4251.27,0.23,49,18
T008,tech,S12,2026-09-16,2026-09-22,Nueva York,USA,solicitud de cotización,7985.94,97882,55051,880,3,921.97,0.31,60,22
T009,tech,S12,2026-09-16,2026-09-22,Houston,USA,demo agendada,9427.30,133004,99970,1493,9,3724.68,0.19,137,53
T010,tech,S12,2026-09-16,2026-09-22,Miami,USA,demo agendada,12142.67,95646,66150,761,5,1496.61,0.30,65,23
T001,tech,S13,2026-09-23,2026-09-30,Miami,USA,demo agendada,13122.74,183448,133608,1491,12,4031.02,0.20,181,64
T002,tech,S13,2026-09-23,2026-09-30,Nueva York,USA,demo agendada,10845.32,88637,57765,600,1,2643.02,0.23,49,17
T003,tech,S13,2026-09-23,2026-09-30,Bogotá,Colombia,solicitud de cotización,8018.63,95180,56274,1048,3,3394.95,0.18,88,28
T004,tech,S13,2026-09-23,2026-09-30,Houston,USA,demo agendada,10911.09,138903,100016,1186,4,4488.88,0.23,107,29
T005,tech,S13,2026-09-23,2026-09-30,Miami,USA,solicitud de cotización,6106.99,50966,33714,480,3,4741.24,0.21,56,20
T006,tech,S13,2026-09-23,2026-09-30,Orlando,USA,registro a prueba gratuita,5332.06,43723,23902,372,2,2884.93,0.34,28,12
T007,tech,S13,2026-09-23,2026-09-30,Bogotá,Colombia,registro a prueba gratuita,4815.01,41565,30392,536,3,4759.76,0.23,53,18
T008,tech,S13,2026-09-23,2026-09-30,Nueva York,USA,solicitud de cotización,9571.54,121368,67846,1020,3,1043.23,0.31,71,27
T009,tech,S13,2026-09-23,2026-09-30,Houston,USA,demo agendada,10243.79,142473,111709,1606,12,4280.98,0.19,125,55
T010,tech,S13,2026-09-23,2026-09-30,Miami,USA,demo agendada,12889.37,104181,75895,757,5,1430.54,0.30,65,20
