id_restaurante,sprint,fecha_inicio,fecha_fin,inversion_pauta,impresiones,alcance,clics,conversiones,ticket_promedio,costo_variable_pct,ctr,tasa_conversion,cpa,ingresos_atribuidos,margen_contribucion,roas,roi_publicitario,ciudad,pais
R001,S1,2026-10-01,2026-10-07,2371.93,41019,29319,834,38,331.94,0.39,0.0203,0.0456,62.42,12613.72,5322.44,5.32,2.2439,Miami,USA
R001,S2,2026-10-08,2026-10-14,2277.34,39383,21954,780,40,311.84,0.39,0.0198,0.0513,56.93,12473.60,5331.56,5.48,2.3411,Miami,USA
R001,S3,2026-10-15,2026-10-21,2228.48,38538,23258,914,57,333.20,0.39,0.0237,0.0624,39.10,18992.40,9356.88,8.52,4.1988,Miami,USA
R001,S4,2026-10-22,2026-10-28,2117.54,36620,26443,914,50,307.87,0.39,0.0250,0.0547,42.35,15393.50,7272.49,7.27,3.4344,Miami,USA
R002,S1,2026-10-01,2026-10-07,2870.73,54780,36612,767,38,267.36,0.41,0.0140,0.0495,75.55,10159.68,3123.48,3.54,1.0880,Nueva York,USA
R002,S2,2026-10-08,2026-10-14,2896.47,55271,41443,810,43,269.52,0.41,0.0147,0.0531,67.36,11589.36,3941.25,4.00,1.3607,Nueva York,USA
R002,S3,2026-10-15,2026-10-21,2775.23,52957,34267,752,53,262.71,0.41,0.0142,0.0705,52.36,13923.63,5439.71,5.02,1.9601,Nueva York,USA
R002,S4,2026-10-22,2026-10-28,2864.22,54656,37394,973,63,258.91,0.41,0.0178,0.0647,45.46,16311.33,6759.46,5.69,2.3600,Nueva York,USA
R003,S1,2026-10-01,2026-10-07,2331.73,34150,23967,411,12,465.93,0.33,0.0120,0.0292,194.31,5591.16,1414.35,2.40,0.6066,Bogotá,Colombia
R003,S2,2026-10-08,2026-10-14,2423.30,35491,20098,499,19,477.43,0.33,0.0141,0.0381,127.54,9071.17,3654.38,3.74,1.5080,Bogotá,Colombia
R003,S3,2026-10-15,2026-10-21,2294.35,33602,20982,438,17,452.81,0.33,0.0130,0.0388,134.96,7697.77,2863.16,3.36,1.2479,Bogotá,Colombia
R003,S4,2026-10-22,2026-10-28,2379.34,34847,25351,496,17,500.36,0.33,0.0142,0.0343,139.96,8506.12,3319.76,3.57,1.3952,Bogotá,Colombia
R004,S1,2026-10-01,2026-10-07,2010.58,30120,21557,468,32,302.50,0.37,0.0155,0.0684,62.83,9680.00,4087.82,4.81,2.0332,Houston,USA
R004,S2,2026-10-08,2026-10-14,2116.00,31699,18620,527,38,316.89,0.37,0.0166,0.0721,55.68,12041.82,5470.35,5.69,2.5852,Houston,USA
R004,S3,2026-10-15,2026-10-21,2242.82,33599,22141,595,40,309.23,0.37,0.0177,0.0672,56.07,12369.20,5549.78,5.52,2.4745,Houston,USA
R004,S4,2026-10-22,2026-10-28,2051.18,30728,22273,564,43,322.32,0.37,0.0184,0.0762,47.70,13859.76,6680.47,6.76,3.2569,Houston,USA
R005,S1,2026-10-01,2026-10-07,2173.23,29891,18842,624,20,117.95,0.44,0.0209,0.0321,108.66,2359.00,-852.19,1.09,-0.3921,Miami,USA
R005,S2,2026-10-08,2026-10-14,1887.68,25963,18859,532,18,113.57,0.44,0.0205,0.0338,104.87,2044.26,-742.89,1.08,-0.3935,Miami,USA
R005,S3,2026-10-15,2026-10-21,2032.37,27953,16209,641,22,103.85,0.44,0.0229,0.0343,92.38,2284.70,-752.94,1.12,-0.3705,Miami,USA
R005,S4,2026-10-22,2026-10-28,2017.07,27743,20184,595,22,106.71,0.44,0.0214,0.0370,91.69,2347.62,-702.40,1.16,-0.3482,Miami,USA
R006,S1,2026-10-01,2026-10-07,2609.37,46027,28408,865,27,333.11,0.40,0.0188,0.0312,96.64,8993.97,2787.01,3.45,1.0681,Orlando,USA
R006,S2,2026-10-08,2026-10-14,2564.44,45234,28957,884,33,357.13,0.40,0.0195,0.0373,77.71,11785.29,4506.73,4.60,1.7574,Orlando,USA
R006,S3,2026-10-15,2026-10-21,2359.38,41617,27014,865,35,342.87,0.40,0.0208,0.0405,67.41,12000.45,4840.89,5.09,2.0518,Orlando,USA
R006,S4,2026-10-22,2026-10-28,2221.86,39191,22661,757,27,323.38,0.40,0.0193,0.0357,82.29,8731.26,3016.90,3.93,1.3578,Orlando,USA
R007,S1,2026-10-01,2026-10-07,3359.37,48597,28828,468,16,278.98,0.34,0.0096,0.0342,209.96,4463.68,-413.34,1.33,-0.1230,Bogotá,Colombia
R007,S2,2026-10-08,2026-10-14,3130.78,45290,30913,470,15,268.97,0.34,0.0104,0.0319,208.72,4034.55,-467.98,1.29,-0.1495,Bogotá,Colombia
R007,S3,2026-10-15,2026-10-21,3061.74,44292,32552,501,19,294.52,0.34,0.0113,0.0379,161.14,5595.88,631.54,1.83,0.2063,Bogotá,Colombia
R007,S4,2026-10-22,2026-10-28,3249.59,47009,33380,627,25,258.42,0.34,0.0133,0.0399,129.98,6460.50,1014.34,1.99,0.3121,Bogotá,Colombia
R008,S1,2026-10-01,2026-10-07,1959.26,38928,21473,498,26,169.94,0.40,0.0128,0.0522,75.36,4418.44,691.80,2.26,0.3531,Nueva York,USA
R008,S2,2026-10-08,2026-10-14,2148.03,42678,25008,560,37,183.85,0.40,0.0131,0.0661,58.05,6802.45,1933.44,3.17,0.9001,Nueva York,USA
R008,S3,2026-10-15,2026-10-21,2219.89,44106,31159,629,45,180.56,0.40,0.0143,0.0715,49.33,8125.20,2655.23,3.66,1.1961,Nueva York,USA
R008,S4,2026-10-22,2026-10-28,1983.08,39401,29227,633,50,167.09,0.40,0.0161,0.0790,39.66,8354.50,3029.62,4.21,1.5277,Nueva York,USA
R009,S1,2026-10-01,2026-10-07,2717.03,37483,23265,602,17,252.71,0.38,0.0161,0.0282,159.83,4296.07,-53.47,1.58,-0.0197,Houston,USA
R009,S2,2026-10-08,2026-10-14,2572.09,35483,24123,547,14,239.83,0.38,0.0154,0.0256,183.72,3357.62,-490.37,1.31,-0.1907,Houston,USA
R009,S3,2026-10-15,2026-10-21,2572.71,35492,21649,641,16,242.30,0.38,0.0181,0.0250,160.79,3876.80,-169.09,1.51,-0.0657,Houston,USA
R009,S4,2026-10-22,2026-10-28,2728.07,37635,26424,662,20,249.71,0.38,0.0176,0.0302,136.40,4994.20,368.33,1.83,0.1350,Houston,USA
R010,S1,2026-10-01,2026-10-07,3339.95,69301,41061,1256,95,389.03,0.37,0.0181,0.0756,35.16,36957.85,19943.50,11.07,5.9712,Miami,USA
R010,S2,2026-10-08,2026-10-14,3430.89,71188,51323,1369,104,407.06,0.37,0.0192,0.0760,32.99,42334.24,23239.68,12.34,6.7737,Miami,USA
R010,S3,2026-10-15,2026-10-21,3553.94,73742,47327,1348,96,419.09,0.37,0.0183,0.0712,37.02,40232.64,21792.62,11.32,6.1320,Miami,USA
R010,S4,2026-10-22,2026-10-28,3409.40,70742,43368,1396,98,383.24,0.37,0.0197,0.0702,34.79,37557.52,20251.84,11.02,5.9400,Miami,USA
