id_entidad,sector,sprint,fecha_inicio,fecha_fin,ciudad,pais,tipo_conversion,inversion_pauta,impresiones,alcance,clics,conversiones,ticket_promedio,costo_variable_pct
C001,retail,S01,2026-07-01,2026-07-07,Miami,USA,compra en línea,5511.59,218806,135509,5637,320,44.31,0.63
C002,retail,S01,2026-07-01,2026-07-07,Nueva York,USA,compra en línea,4077.39,192584,109740,4067,250,25.49,0.68
C003,retail,S01,2026-07-01,2026-07-07,Bogotá,Colombia,compra en línea,6825.71,449903,275278,13723,1106,23.20,0.56
,,,,,,,,,,,,,,
C004,retail,S01,2026-07-01,2026-07-07,Houston,USA,compra en línea,5544.10,262427,141587,6894,514,29.16,0.69
C005,retail,S01,2026-07-01,2026-07-07,Miami,USA,compra en línea,6402.44,257726,154525,7592,346,45.68,0.55
C006,retail,S01,2026-07-01,2026-07-07,Orlando,USA,compra en línea,3988.49,179017,102861,3344,220,40.78,0.60
C007,retail,S01,2026-07-01,2026-07-07,Bogotá,Colombia,compra en línea,6580.62,309857,185352,10327,933,28.97,0.66
C008,retail,S01,2026-07-01,2026-07-07,Nueva York,USA,compra en línea,6762.39,379559,253627,6705,576,57.32,0.56
C009,retail,S01,2026-07-01,2026-07-07,Houston,USA,compra en línea,7971.61,369263,245309,7183,361,56.32,0.62
C010,retail,S01,2026-07-01,2026-07-07,Miami,USA,compra en línea,3246.40,133921,77716,3411,240,66.76,0.70
C001,retail,S02,2026-07-08,2026-07-14,Miami,USA,compra en línea,5562.53,231769,145205,6300,337,43.61,0.63
C002,retail,S02,2026-07-08,2026-07-14,Nueva York,USA,compra en línea,3593.65,174505,99365,3738,253,27.13,0.68
C003,retail,S02,2026-07-08,2026-07-14,Bogotá,Colombia,compra en línea,7069.42,477725,282122,14889,1182,25.81,0.56
C004,retail,S02,2026-07-08,2026-07-14,Houston,USA,compra en línea,5747.22,276083,158939,7934,694,28.69,0.69
C005,retail,S02,2026-07-08,2026-07-14,Miami,USA,compra en línea,6804.11,283242,167381,7548,408,45.42,0.55
C006,retail,S02,2026-07-08,2026-07-14,Orlando,USA,compra en línea,4170.55,183617,106110,3244,222,40.43,0.60
C007,retail,S02,2026-07-08,2026-07-14,Bogotá,Colombia,compra en línea,5750.95,291374,184173,9860,821,27.48,0.66
C008,retail,S02,2026-07-08,2026-07-14,Nueva York,USA,compra en línea,6394.48,344451,217439,6513,469,56.67,0.56
C009,retail,S02,2026-07-08,2026-07-14,Houston,USA,compra en línea,7777.28,356327,227306,6188,351,57.78,0.62
C010,retail,S02,2026-07-08,2026-07-14,Miami,USA,compra en línea,3294.61,133405,73446,3704,260,66.92,0.70
C001,retail,S03,2026-07-15,2026-07-21,Miami,USA,compra en línea,58934.30,245493,140272,6281,322,41.44,0.63
C002,retail,S03,2026-07-15,2026-07-21,Nueva York,USA,compra en línea,3502.76,179641,106461,3908,250,26.29,0.68
C003,retail,S03,2026-07-15,2026-07-21,Bogotá,Colombia,compra en línea,6556.91,452706,276486,14473,1151,24.17,0.56
C004,retail,S03,2026-07-15,2026-07-21,Houston,USA,compra en línea,6393.15,308729,181127,8018,672,29.26,0.69
C005,retail,S03,2026-07-15,2026-07-21,Miami,USA,compra en línea,6473.56,257954,152029,6697,352,42.19,0.55
C006,retail  ,S03,2026-07-15,2026-07-21,Orlando,USA,compra en línea,4366.30,187638,104691,3262,227,40.41,0.60
C007,retail,S03,2026-07-15,2026-07-21,Bogotá,Colombia,compra en línea,6400.58,324783,205995,12097,1070,27.62,0.66
C008,retail,S03,2026-07-15,2026-07-21,Nueva York,USA,compra en línea,6558.81,376433,257357,6752,541,58.94,0.56
C009,retail,S03,2026-07-15,2026-07-21,Houston,USA,compra en línea,8184.98,362045,235874,6543,363,56.39,0.62
C010,retail,S03,2026-07-15,2026-07-21,Miami,USA,compra en línea,3340.12,137628,81485,3680,247,62.61,0.70
C001,retail,S04,2026-07-22,2026-07-28,Miami,USA,compra en línea,5545.99,227655,132538,5446,247,41.96,0.63
C002,retail,S04,2026-07-22,2026-07-28,Nueva York,USA,compra en línea,3774.38,194835,114478,3964,251,27.40,0.68
C003,retail,S04,2026-07-22,2026-07-28,Bogotá,Colombia,compra en línea,7274.40,481577,286522,13326,984,25.32,0.56
C004,retail,S04,2026-07-22,2026-07-28,Houston,USA,compra en línea,6136.20,314431,165231,8056,747,27.10,0.69
C005,retail,S04,2026-07-22,2026-07-28,Miami,USA,compra en línea,6169.81,248519,145968,6311,348,44.99,0.55
C006,retail,S04,2026-07-22,2026-07-28,Orlando,USA,compra en línea,4208.82,183466,107180,3319,213,42.69,0.60
C007,retail,S04,2026-07-22,2026-07-28,Bogotá,Colombia,compra en línea,5622.36,288392,173376,9233,719,28.81,0.66
C008,retail,S04,2026-07-22,2026-07-28,Nueva York,USA,compra en línea,6938.91,380821,263457,,527,59.57,0.56
C009,retail,S04,2026-07-22,2026-07-28,Houston,USA,compra en línea,8215.30,363023,249045,6597,316,53.10,0.62
C010,retail,S04,2026-07-22,2026-07-28,Miami,USA,compra en línea,2884.40,125671,72004,3338,252,66.64,0.70
C001,retail,S05,2026-07-29,2026-08-04,Miami,USA,compra en línea,6336.33,243225,138141,6221,335,40.34,0.63
C002,retail,S05,2026-07-29,2026-08-04,Nueva York,USA,compra en línea,3758.39,177177,94280,4124,289,27.26,0.68
C003,retail,S05,2026-07-29,2026-08-04,Bogotá,Colombia,compra en línea,7218.07,499568,316390,15314,1192,25.35,0.56
C004,retail,S05,2026-07-29,2026-08-04,Houston,USA,compra en línea,6451.47,321570,183942,9499,958,27.94,0.69
C005,retail,S05,2026-07-29,2026-08-04,Miami,USA,compra en línea,6841.47,263349,151831,7441,449,42.61,0.55
C005,retail,S05,2026-07-29,2026-08-04,Miami,USA,compra en línea,6841.47,263349,151831,7441,449,42.61,0.55
C006,retail,S05,2026-07-29,2026-08-04,Orlando,USA,compra en línea,4617.46,193179,108202,3687,257,42.42,0.60
C007,retail,S05,2026-07-29,2026-08-04,Bogotá,Colombia,compra en línea,6298.69,301571,187669,10534,789,29.43,0.66
C008,retail,S05,2026-07-29,2026-08-04,Nueva York,USA,compra en línea,7297.59,406965,280230,6836,634,58.49,0.56
C009,retail,S05,2026-07-29,2026-08-04,Houston,USA,compra en línea,8566.47,393710,259042,7466,404,55.67,0.62
C010,retail,S05,2026-07-29,2026-08-04,MIAMI,USA,compra en línea,3112.27,132825,73541,3470,230,64.39,0.70
C001,retail,S06,2026-08-05,2026-08-11,Miami,USA,compra en línea,6147.41,229459,139282,6583,384,43.23,0.63
C002,retail,S06,2026-08-05,2026-08-11,Nueva York,USA,compra en línea,4108.30,195524,103806,4453,310,25.84,0.68
C003,retail,S06,2026-08-05,2026-08-11, Bogotá,Colombia,compra en línea,6566.87,449954,268974,13528,938,24.48,0.56
C004,retail,S06,2026-08-05,2026-08-11,Houston,USA,compra en línea,6510.08,302660,175688,9164,848,27.17,0.69
C005,retail,S06,2026-08-05,2026-08-11,Miami,USA,compra en línea,7313.50,290287,176744,8547,536,42.80,0.55
C006,retail,S06,2026-08-05,2026-08-11,Orlando,USA,compra en línea,4398.48,190488,101962,3568,304,38.82,0.60
C007,retail,S06,2026-08-05,2026-08-11,Bogotá,Colombia,compra en línea,5581.75,293083,191106,10597,939,29.58,0.66
C008,retail,S06,2026-08-05,2026-08-11,Nueva York,USA,compra en línea,7045.27,381898,249342,7629,638,56.38,0.56
C009,retail,S06,2026-08-05,2026-08-11,Houston,USA,compra en línea,8605.16,389078,259054,7328,473,53.29,0.62
C010,retail,S06,2026-08-05,2026-08-11,Miami,USA,compra en línea,3552.20,145266,81156,3885,279,63.09,0.70
C001,retail,S07,2026-08-12,2026-08-18,Miami,USA,compra en línea,6616.35,258142,157464,7095,419,43.06,0.63
C002,retail,S07,2026-08-12,2026-08-18,Nueva York,USA,compra en línea,3885.97,187345,104129,4084,302,25.64,0.68
C003,retail,S07,2026-08-12,2026-08-18,Bogotá,Colombia,compra en línea,7244.16,517178,317353,15409,977,23.48,0.56
C004,retail,S07,2026-08-12,2026-08-18,Houston,USA,compra en línea,6806.57,315606,178719,9016,762,28.12,0.69
c005,retail,S07,2026-08-12,2026-08-18,Miami,USA,compra en línea,7765.01,292004,166112,8752,534,44.24,0.55
C006,retail,S07,2026-08-12,2026-08-18,Orlando,USA,compra en línea,4773.02,201026,105402,4169,315,40.97,0.60
C007,retail,S07,2026-08-12,2026-08-18,Bogotá,Colombia,compra en línea,6297.21,319126,212069,10227,863,29.32,0.66
C008,retail,S07,2026-08-12,2026-08-18,Nueva York,USA,compra en línea,7521.46,423855,263913,7339,692,60.11,0.56
C009,retail,S07,2026-08-12,2026-08-18,Houston,USA,compra en línea,8724.35,374157,254819,7084,370,52.84,0.62
C010,retail,S07,2026-08-12,2026-08-18,Miami,USA,compra en línea,3208.46,129695,71096,3584,282,62.06,0.70
C001,retail,S08,2026-08-19,2026-08-25,Miami,USA,compra en línea,6521.59,245211,139296,6549,393,40.39,0.63
C002,retail,S08,2026-08-19,2026-08-25,Nueva York,USA,compra en línea,4085.84,199336,114194,4889,364,24.69,0.68
C003,retail,S08,2026-08-19,2026-08-25,Bogotá,Colombia,compra en línea,7263.72,490896,304151,14097,1030,25.59,0.56
C004,retail,S08,2026-08-19,2026-08-25,Houston,USA,compra en línea,6499.55,312415,181110,9830,899,29.28,0.69
C005,retail,S08,2026-08-19,2026-08-25,Miami,USA,compra en línea,7240.21,293241,186284,8102,465,43.33,0.55
C006,retail,S08,2026-08-19,2026-08-25,Orlando,USA,compra en línea,4442.45,201486,112625,3903,321,40.79,0.60
C007,retail,S08,2026-08-19,2026-08-25,Bogotá,Colombia,compra en línea,6216.81,302595,181548,9607,708,27.77,0.66
C008,retail,S08,2026-08-19,2026-08-25,Nueva York,USA,compra en línea,7295.33,376765,246966,7207,661,57.88,0.56
C009,retail,S08,2026-08-19,2026-08-25,Houston,USA,compra en línea,8522.98,380808,250665,7067,440,55.37,0.62
C010,retail,S08,2026-08-19,2026-08-25,Miami,USA,compra en línea,3236.21,135269,73285,3475,283,60.02,0.70
C001,retail,S09,2026-08-26,2026-09-01,Miami,USA,compra en línea,5598.40,218280,137655,5496,291,40.82,0.63
C002,retail,S09,2026-08-26,2026-09-01,Nueva York,USA,compra en línea,4037.59,201186,115021,4466,333,25.09,0.68
C003,retail,S09,2026-08-26,2026-09-01,Bogotá,Colombia,compra en línea,6806.11,480781,294597,13617,927,24.14,0.56
C004,retail,S09,2026-08-26,2026-09-01,Houston,USA,compra en línea,6456.29,322250,175577,8896,819,27.84,0.69
C005,retail,S09,2026-08-26,2026-09-01,Miami,USA,compra en línea,6950.60,275099,170638,275473,429,42.18,0.55
C006,retail,S09,2026-08-26,2026-09-01,Orlando,USA,compra en línea,4349.60,182070,107241,3612,258,42.07,0.60
C007,retail,S09,2026-08-26,2026-09-01,Bogotá,Colombia,compra en línea,6224.97,313915,206074,10617,818,30.03,0.66
C008,retail,S09,2026-08-26,2026-09-01,Nueva York,USA,compra en línea,7145.33,399543,249685,7298,628,58.39,0.56
C009,retail,S09,2026-08-26,2026-09-01,Houston,USA,compra en línea,8799.32,381130,250795,7530,389,51.13,0.62
C010,retail,S09,2026-08-26,2026-09-01,Miami,USA,compra en línea,3196.34,125317,74177,3384,221,60.75,0.70
C001,retail,S10,2026-09-02,2026-09-08,Miami,USA,compra en línea,5135.97,207163,125315,4871,215,42.18,0.63
C002,retail,S10,2026-09-02,2026-09-08,Nueva York,USA,compra en línea,3666.76,183528,102365,3806,246,27.49,0.68
C003,retail,S10,2026-09-02,2026-09-08,Bogotá,Colombia,compra en línea,7158.36,475773,289460,13385,1052,24.11,0.56
C004,retail,S10,2026-09-02,2026-09-08,Houston,USA,compra en línea,5680.99,284561,162490,7965,624,27.72,0.69
C005,retail,S10,2026-09-02,2026-09-08,Miami,USA,compra en línea,6975.74,290110,177424,7844,351,44.58,0.55
C006,retail,S10,2026-09-02,2026-09-08,Orlando,USA,compra en línea,4282.53,186953,108618,3106,213,38.71,0.60
C007,retail,S10,2026-09-02,2026-09-08,Bogotá,Colombia,compra en línea,5606.85,268974,167139,9438,746,29.87,0.66
C008,retail,S10,2026-09-02,2026-09-08,Nueva York,USA,compra en línea,6039.22,343258,227690,5578,371,58.13,0.56
C009,retail,S10,2026-09-02,2026-09-08,Houston,USA,compra en línea,7497.30,332061,227539,5623,282,57.33,0.62
C010,retail,S10,2026-09-02,2026-09-08,Miami,USA,compra en línea,2819.37,124980,74937,3388,237,64.86,0.70
C001,retail,S11,2026-09-09,2026-09-15,Miami,USA,compra en línea,5427.21,212306,123924,5203,255,"42,47",0.63
C002,retail,S11,2026-09-09,2026-09-15,Nueva York,USA,compra en línea,3429.77,175445,96698,3521,231,27.01,0.68
C003,retail,S11,2026-09-09,2026-09-15,Bogotá,Colombia,compra en línea,6824.90,444588,259525,12585,973,25.87,0.56
C004,retail,S11,2026-09-09,2026-09-15,Houston,USA,compra en línea,5552.52,288302,163461,7488,603,29.03,0.69
C005,retail,S11,2026-09-09,2026-09-15,Miami,USA,compra en línea,6611.67,277149,161780,7620,392,42.98,0.55
C006,retail,S11,2026-09-09,2026-09-15,Orlando,USA,compra en línea,4003.78,185036,107311,3067,216,39.32,0.60
C007,retail,S11,2026-09-09,2026-09-15,Bogotá,Colombia,compra en línea,5645.57,271693,165385,9701,857,29.32,0.66
C008,retail,S11,2026-09-09,2026-09-15,Nueva York,USA,compra en línea,6564.92,373413,232887,6063,400,62.04,0.56
C009,retail,S11,2026-09-09,2026-09-15,Houston,USA,compra en línea,7142.87,317497,216068,5886,269,52.95,0.62
C010,retail,S11,2026-09-09,2026-09-15,Miami,USA,compra en línea,3085.07,136550,82745,3624,262,66.01,0.70
C001,retail,S12,2026-09-16,2026-09-22,Miami,USA,compra en línea,5356.75,220611,136162,5184,269,44.64,0.63
C002,retail,S12,2026-09-16,2026-09-22,Nueva York,USA,compra en línea,3889.08,193094,107512,4151,244,26.47,0.68
C003,retail,S12,2026-09-16,2026-09-22,Bogotá,Colombia,compra en línea,7463.57,477593,275662,14578,1131,25.18,0.56
C004,retail,S12,2026-09-16,2026-09-22,Houston,USA,compra en línea,6048.07,305390,171513,8230,639,29.34,0.69
C005,retail,S12,2026-09-16,2026-09-22,Miami,USA,compra en línea,6022.02,250352,159341,6259,296,44.67,0.55
C006,retail,S12,2026-09-16,2026-09-22,Orlando,USA,compra en línea,4107.05,189290,110359,3400,206,41.16,0.60
C007,retail,S12,2026-09-16,2026-09-22,Bogotá,Colombia,compra en línea,6008.44,293400,196439,11059,914,28.29,0.66
C008,retail,S12,2026-09-16,2026-09-22,Nueva York,USA,compra en línea,6409.92,360540,226975,6398,473,56.59,0.56
C009,retail,S12,2026-09-16,2026-09-22,Houston,USA,compra en línea,7598.38,333084,213531,5726,277,54.76,0.62
C010,retail,S12,2026-09-16,2026-09-22,Miami,USA,compra en línea,2914.91,119489,67801,2963,171,67.22,0.70
C001,retail,S13,2026-09-23,2026-09-30,Miami,USA,compra en línea,6516.50,256376,147343,6128,285,40.83,0.63
C002,retail,S13,2026-09-23,2026-09-30,Nueva York,USA,compra en línea,3990.24,194764,111726,4504,281,25.74,0.68
C003,retail,S13,2026-09-23,2026-09-30,Bogotá,Colombia,compra en línea,7558.98,502331,289424,14504,970,23.97,0.56
C004,retail,S13,2026-09-23,2026-09-30,Houston,USA,compra en línea,6760.57,333197,194092,8684,677,29.74,0.69
C005,retail,S13,2026-09-23,2026-09-30,Miami,USA,compra en línea,7101.23,288374,175142,7975,345,42.47,0.55
C006,retail,S13,2026-09-23,2026-09-30,Orlando,USA,compra en línea,4896.56,227588,131112,4222,288,42.30,0.60
C007,retail,S13,2026-09-23,2026-09-30,Bogotá,Colombia,compra en línea,6354.70,333516,217356,12602,1177,28.39,0.66
C008,retail,S13,2026-09-23,2026-09-30,Nueva York,USA,compra en línea,7613.30,415634,263225,7371,598,56.21,0.56
C009,retail,S13,2026-09-23,2026-09-30,Houston,USA,compra en línea,8250.09,379468,236280,6345,300,55.68,0.62
C010,retail,S13,2026-09-23,2026-09-30,Miami,USA,compra en línea,3522.68,153964,85148,3909,233,64.08,0.70
