fecha_registro,etapa,sector,season,archivo,filas,bytes_disco,bytes_memoria,segundos
2026-10-06T14:33:09,simulacion,resto,1,rts-csv/season1_campana_resto_raw.csv,132,14396,109595,0.0237
2026-10-06T14:33:09,simulacion,resto,2,rts-csv/season2_campana_resto_raw.csv,132,14356,109523,0.0201
2026-10-06T14:33:09,simulacion,resto,3,rts-csv/season3_campana_resto_raw.csv,132,14368,109537,0.0199
2026-10-06T14:33:09,simulacion,resto,4,rts-csv/season4_campana_resto_raw.csv,132,14381,109580,0.0204
2026-10-06T14:33:09,simulacion,fitness,,ftnss-csv/fitness_raw.csv,13,1158,5435,0.0062
2026-10-06T14:33:09,simulacion,fitness,1,ftnss-csv/season1_campana_fitness_raw.csv,132,15543,118416,0.0193
2026-10-06T14:33:09,simulacion,fitness,2,ftnss-csv/season2_campana_fitness_raw.csv,132,15580,118406,0.0214
2026-10-06T14:33:10,simulacion,fitness,3,ftnss-csv/season3_campana_fitness_raw.csv,132,15567,118410,0.0194
2026-10-06T14:33:10,simulacion,fitness,4,ftnss-csv/season4_campana_fitness_raw.csv,132,15565,118423,0.0202
2026-10-06T14:33:10,simulacion,retail,,rtl-csv/retail_raw.csv,13,1248,5600,0.0059
2026-10-06T14:33:10,simulacion,retail,1,rtl-csv/season1_campana_retail_raw.csv,132,14830,111769,0.0192
2026-10-06T14:33:10,simulacion,retail,2,rtl-csv/season2_campana_retail_raw.csv,132,14708,111645,0.0202
2026-10-06T14:33:10,simulacion,retail,3,rtl-csv/season3_campana_retail_raw.csv,132,14714,111653,0.0191
2026-10-06T14:33:10,simulacion,retail,4,rtl-csv/season4_campana_retail_raw.csv,132,14739,111693,0.0194
2026-10-06T14:33:10,simulacion,tech,,tech-csv/tech_raw.csv,13,1140,5417,0.0064
2026-10-06T14:33:10,simulacion,tech,1,tech-csv/season1_campana_tech_raw.csv,132,15452,123655,0.0201
2026-10-06T14:33:10,simulacion,tech,2,tech-csv/season2_campana_tech_raw.csv,132,15341,123512,0.0199
2026-10-06T14:33:10,simulacion,tech,3,tech-csv/season3_campana_tech_raw.csv,132,15379,123567,0.0191
2026-10-06T14:33:10,simulacion,tech,4,tech-csv/season4_campana_tech_raw.csv,132,15406,123609,0.0189
